{
  "recall@1": 0.5957001047538285,
  "recall@3": 0.7979248765401307,
  "recall@10": 0.905970968224672,
  "mrr": 0.7098150725965653
}