{
  "recall@1": 0.34723400009976557,
  "recall@3": 0.5591360303287275,
  "recall@10": 0.7454481967376665,
  "mrr": 0.4820061930342557
}